minute,X,Y,h_a,situation,shotType,lastAction,xG,result,Goal
11,0.974000015,0.52,a,OpenPlay,RightFoot,Pass,0.865912974,Goal,1
44,0.926999969,0.429000015,a,FromCorner,Head,Aerial,0.032095999,MissedShots,0
45,0.876999969,0.675,a,OpenPlay,RightFoot,Pass,0.066227801,MissedShots,0
60,0.893000031,0.567000008,a,OpenPlay,Head,Aerial,0.039804701,SavedShot,0
16,0.788000031,0.678000031,h,OpenPlay,RightFoot,Pass,0.025583699,MissedShots,0
23,0.939000015,0.54,h,OpenPlay,Head,Aerial,0.089716598,MissedShots,0
37,0.974000015,0.635,h,OpenPlay,LeftFoot,Pass,0.075892501,SavedShot,0
50,0.900999985,0.520999985,h,OpenPlay,Head,Aerial,0.0486775,MissedShots,0
81,0.829000015,0.572999992,h,OpenPlay,RightFoot,Pass,0.058549501,Goal,1
44,0.801999969,0.674000015,a,OpenPlay,RightFoot,Pass,0.025210399,ShotOnPost,0
62,0.925999985,0.405999985,a,OpenPlay,Head,Aerial,0.039080098,BlockedShot,0
1,0.818000031,0.555,h,OpenPlay,LeftFoot,Pass,0.061074499,SavedShot,0
20,0.813000031,0.557999992,h,OpenPlay,RightFoot,Pass,0.046725798,SavedShot,0
24,0.915,0.499000015,h,OpenPlay,Head,Cross,0.37244001,Goal,1
30,0.891999969,0.495999985,h,OpenPlay,LeftFoot,Throughball,0.467465013,Goal,1
56,0.81,0.575,h,OpenPlay,RightFoot,TakeOn,0.096810199,ShotOnPost,0
70,0.906999969,0.519000015,h,FromCorner,Head,Cross,0.085243396,BlockedShot,0
77,0.82,0.530999985,h,OpenPlay,RightFoot,Pass,0.075910702,MissedShots,0
5,0.92,0.479000015,a,FromCorner,Head,Aerial,0.053930201,MissedShots,0
19,0.765999985,0.485,a,OpenPlay,LeftFoot,Pass,0.029308001,MissedShots,0
63,0.935,0.545999985,a,OpenPlay,Head,Chipped,0.385809988,Goal,1
25,0.799000015,0.786999969,a,OpenPlay,RightFoot,Pass,0.0148481,BlockedShot,0
74,0.88,0.527000008,a,OpenPlay,Head,Cross,0.0682671,SavedShot,0
1,0.93,0.590999985,h,OpenPlay,LeftFoot,Cross,0.30042401,Goal,1
13,0.895,0.725999985,h,OpenPlay,LeftFoot,Cross,0.019954599,MissedShots,0
85,0.925999985,0.582999992,h,OpenPlay,LeftFoot,Pass,0.445841014,SavedShot,0
8,0.914000015,0.582000008,a,FromCorner,Head,Aerial,0.0189225,MissedShots,0
26,0.951999969,0.614000015,a,OpenPlay,RightFoot,Chipped,0.244866997,ShotOnPost,0
52,0.784000015,0.675999985,a,OpenPlay,RightFoot,Pass,0.0225286,SavedShot,0
15,0.831999969,0.731999969,h,OpenPlay,RightFoot,Pass,0.042876199,MissedShots,0
38,0.878000031,0.38,h,OpenPlay,RightFoot,Pass,0.404841989,SavedShot,0
41,0.733000031,0.592999992,h,DirectFreekick,RightFoot,Standard,0.056057401,MissedShots,0
66,0.790999985,0.442999992,h,OpenPlay,RightFoot,Pass,0.058272202,ShotOnPost,0
68,0.885,0.5,h,Penalty,RightFoot,Standard,0.743278027,Goal,1
6,0.86,0.32,h,OpenPlay,RightFoot,Throughball,0.108149,SavedShot,0
23,0.813000031,0.703000031,h,OpenPlay,LeftFoot,Chipped,0.024927299,MissedShots,0
35,0.955999985,0.522000008,h,OpenPlay,RightFoot,Cross,0.113269001,MissedShots,0
36,0.895999985,0.709000015,h,OpenPlay,LeftFoot,TakeOn,0.047659401,BlockedShot,0
44,0.809000015,0.395999985,h,OpenPlay,RightFoot,Pass,0.043859899,SavedShot,0
71,0.920999985,0.504000015,h,OpenPlay,RightFoot,Pass,0.135637,MissedShots,0
9,0.959000015,0.525999985,a,OpenPlay,RightFoot,Cross,0.567263007,SavedShot,0
16,0.935999985,0.671999969,a,OpenPlay,LeftFoot,None,0.313762993,Goal,1
28,0.885,0.5,a,Penalty,RightFoot,Standard,0.743278027,Goal,1
38,0.925,0.349000015,a,OpenPlay,RightFoot,Pass,0.116412997,MissedShots,0
64,0.865,0.73,a,OpenPlay,RightFoot,Pass,0.045045599,MissedShots,0
21,0.925,0.545999985,h,FromCorner,Head,Aerial,0.048388299,SavedShot,0
26,0.864000015,0.745,h,OpenPlay,LeftFoot,Pass,0.0279903,MissedShots,0
36,0.936999969,0.54,h,SetPiece,OtherBodyPart,Cross,0.388182014,Goal,1
61,0.804000015,0.630999985,h,OpenPlay,RightFoot,Pass,0.044750199,BlockedShot,0
80,0.755,0.405999985,h,OpenPlay,RightFoot,Pass,0.028548799,MissedShots,0
92,0.813000031,0.352000008,h,OpenPlay,LeftFoot,Pass,0.091247603,SavedShot,0
34,0.805999985,0.335,a,OpenPlay,LeftFoot,LayOff,0.0454702,MissedShots,0
62,0.918000031,0.654000015,a,OpenPlay,RightFoot,None,0.081114702,MissedShots,0
13,0.87,0.705999985,h,OpenPlay,RightFoot,Pass,0.038265601,SavedShot,0
52,0.929000015,0.62,h,OpenPlay,LeftFoot,Pass,0.426874995,SavedShot,0
70,0.890999985,0.542000008,h,OpenPlay,LeftFoot,Pass,0.425669998,MissedShots,0
78,0.935999985,0.475,h,OpenPlay,RightFoot,Pass,0.607339978,Goal,1
9,0.838000031,0.427000008,a,OpenPlay,LeftFoot,None,0.061252799,SavedShot,0
13,0.918000031,0.512000008,a,OpenPlay,Head,Cross,0.386595011,MissedShots,0
57,0.806999969,0.714000015,a,OpenPlay,RightFoot,Chipped,0.023550499,BlockedShot,0
64,0.920999985,0.435,a,OpenPlay,Head,Aerial,0.055938099,MissedShots,0
93,0.869000015,0.385,a,OpenPlay,LeftFoot,TakeOn,0.057337102,BlockedShot,0
94,0.971999969,0.524000015,a,FromCorner,RightFoot,Rebound,0.774426997,Goal,1
9,0.841999969,0.572999992,a,OpenPlay,LeftFoot,Pass,0.079494499,SavedShot,0
64,0.953000031,0.605999985,a,OpenPlay,Head,Cross,0.089518599,ShotOnPost,0
31,0.970999985,0.387999992,h,OpenPlay,RightFoot,TakeOn,0.577648997,MissedShots,0
31,0.938000031,0.602999992,h,OpenPlay,Head,Cross,0.085973904,SavedShot,0
37,0.92,0.572999992,h,OpenPlay,Head,Cross,0.112761997,SavedShot,0
41,0.860999985,0.67,h,OpenPlay,RightFoot,Pass,0.049381401,MissedShots,0
56,0.89,0.318999996,h,OpenPlay,RightFoot,Pass,0.049267601,SavedShot,0
62,0.801999969,0.512999992,h,OpenPlay,RightFoot,Pass,0.050033301,BlockedShot,0
63,0.888000031,0.330999985,h,OpenPlay,RightFoot,TakeOn,0.071401402,SavedShot,0
0,0.96,0.357000008,a,OpenPlay,Head,Pass,0.0158295,SavedShot,0
41,0.915,0.337000008,a,OpenPlay,RightFoot,Chipped,0.068343803,SavedShot,0
81,0.849000015,0.640999985,h,OpenPlay,RightFoot,Pass,0.071221001,BlockedShot,0
66,0.919000015,0.532999992,a,OpenPlay,Head,Aerial,0.060582899,MissedShots,0
82,0.918000031,0.282000008,a,FromCorner,RightFoot,Cross,0.031567302,SavedShot,0
55,0.936999969,0.474000015,h,OpenPlay,RightFoot,Cross,0.504832983,Goal,1
67,0.916999969,0.56,h,FromCorner,Head,Aerial,0.0296023,MissedShots,0
16,0.865,0.824000015,a,OpenPlay,RightFoot,Throughball,0.082915202,BlockedShot,0
34,0.751999969,0.385999985,a,OpenPlay,LeftFoot,Pass,0.0228184,MissedShots,0
46,0.936999969,0.579000015,a,OpenPlay,Head,Aerial,0.061192501,MissedShots,0
48,0.895,0.469000015,a,OpenPlay,RightFoot,Pass,0.135071993,BlockedShot,0
49,0.855999985,0.360999985,a,OpenPlay,LeftFoot,BallTouch,0.078467898,BlockedShot,0
25,0.875999985,0.54,h,OpenPlay,RightFoot,Cross,0.065000899,BlockedShot,0
87,0.958000031,0.602999992,h,OpenPlay,LeftFoot,Cross,0.076074801,MissedShots,0
90,0.87,0.675999985,h,OpenPlay,LeftFoot,Pass,0.0578853,SavedShot,0
6,0.91,0.258999996,a,OpenPlay,RightFoot,Pass,0.034167401,SavedShot,0
10,0.854000015,0.632999992,a,OpenPlay,RightFoot,Pass,0.238105997,SavedShot,0
58,0.858000031,0.781999969,a,OpenPlay,RightFoot,Pass,0.0240095,BlockedShot,0
82,0.953000031,0.517999992,a,OpenPlay,LeftFoot,Pass,0.614841998,BlockedShot,0
6,0.855999985,0.325999985,h,FromCorner,RightFoot,None,0.035513401,MissedShots,0
33,0.909000015,0.522000008,h,OpenPlay,Head,Cross,0.111619003,MissedShots,0
62,0.954000015,0.382000008,h,OpenPlay,RightFoot,Chipped,0.301943988,MissedShots,0
47,0.885,0.5,a,Penalty,RightFoot,Standard,0.743278027,Goal,1
94,0.815,0.635,a,OpenPlay,RightFoot,Pass,0.032691099,MissedShots,0
50,0.896999969,0.690999985,h,OpenPlay,RightFoot,BallTouch,0.059234299,BlockedShot,0
60,0.880999985,0.462999992,h,OpenPlay,RightFoot,Pass,0.403531998,Goal,1
85,0.86,0.500999985,h,OpenPlay,LeftFoot,TakeOn,0.145642996,Goal,1
32,0.885,0.699000015,a,OpenPlay,LeftFoot,Pass,0.069895104,SavedShot,0
69,0.884000015,0.54,a,OpenPlay,RightFoot,Cross,0.099081904,Goal,1
6,0.915,0.430999985,h,OpenPlay,RightFoot,Cross,0.096274398,SavedShot,0
17,0.815,0.73,h,OpenPlay,RightFoot,Pass,0.0240491,BlockedShot,0
51,0.849000015,0.66,h,OpenPlay,LeftFoot,Pass,0.061656401,SavedShot,0
35,0.866999969,0.675,a,OpenPlay,RightFoot,Pass,0.0442116,SavedShot,0
50,0.99,0.397000008,a,OpenPlay,RightFoot,Cross,0.045412,SavedShot,0
2,0.800999985,0.472999992,h,OpenPlay,RightFoot,Pass,0.047921099,SavedShot,0
44,0.868000031,0.693000031,h,OpenPlay,RightFoot,Pass,0.043973502,MissedShots,0
67,0.853000031,0.55,h,OpenPlay,LeftFoot,Pass,0.0928213,MissedShots,0
3,0.955,0.537999992,a,SetPiece,Head,Pass,0.497316003,MissedShots,0
45,0.964000015,0.494000015,a,OpenPlay,Head,Cross,0.650753021,MissedShots,0
87,0.936999969,0.643000031,a,OpenPlay,RightFoot,Pass,0.332157999,SavedShot,0
3,0.855,0.716999969,h,OpenPlay,RightFoot,Pass,0.032048602,BlockedShot,0
10,0.885,0.5,h,Penalty,RightFoot,Standard,0.743278027,Goal,1
49,0.853000031,0.577999992,h,OpenPlay,RightFoot,Pass,0.100785002,SavedShot,0
57,0.845999985,0.487000008,h,OpenPlay,RightFoot,Pass,0.118612997,SavedShot,0
15,0.905999985,0.639000015,a,OpenPlay,RightFoot,Pass,0.098888502,Goal,1
42,0.913000031,0.273999996,a,OpenPlay,RightFoot,Pass,0.065109901,SavedShot,0
68,0.845,0.624000015,a,OpenPlay,LeftFoot,Cross,0.043713201,MissedShots,0
6,0.891999969,0.477999992,h,OpenPlay,LeftFoot,Cross,0.094472803,SavedShot,0
14,0.915999985,0.68,h,OpenPlay,LeftFoot,Chipped,0.057142001,MissedShots,0
28,0.903000031,0.402000008,h,OpenPlay,RightFoot,Pass,0.366946012,Goal,1
76,0.885,0.5,h,Penalty,RightFoot,Standard,0.743149996,Goal,1
17,0.936999969,0.293999996,a,OpenPlay,RightFoot,Pass,0.055129599,MissedShots,0
50,0.914000015,0.590999985,a,FromCorner,Head,Cross,0.050776701,SavedShot,0
90,0.866999969,0.475999985,h,OpenPlay,RightFoot,Chipped,0.080513999,MissedShots,0
32,0.915999985,0.570999985,a,FromCorner,Head,Cross,0.069356903,MissedShots,0
49,0.916999969,0.499000015,a,FromCorner,Head,Aerial,0.049921699,MissedShots,0
23,0.735,0.507000008,h,DirectFreekick,RightFoot,Standard,0.062334001,BlockedShot,0
73,0.895,0.474000015,h,SetPiece,Head,Cross,0.090768598,SavedShot,0
63,0.729000015,0.614000015,a,DirectFreekick,RightFoot,Standard,0.0517333,MissedShots,0
77,0.9,0.479000015,a,FromCorner,Head,Cross,0.0721751,MissedShots,0
82,0.885999985,0.54,a,SetPiece,Head,Cross,0.068646297,MissedShots,0
23,0.885,0.5,h,Penalty,RightFoot,Standard,0.743149996,Goal,1
2,0.88,0.475999985,h,FromCorner,Head,Aerial,0.0156199,MissedShots,0
13,0.868000031,0.507000008,h,FromCorner,Head,Cross,0.0454068,SavedShot,0
43,0.891999969,0.427000008,h,OpenPlay,RightFoot,Pass,0.408392996,SavedShot,0
70,0.745,0.678000031,h,OpenPlay,RightFoot,Pass,0.016588099,MissedShots,0
91,0.973000031,0.517999992,h,FromCorner,LeftFoot,Rebound,0.817076981,MissedShots,0
19,0.885,0.5,a,Penalty,RightFoot,Standard,0.743278027,Goal,1
51,0.909000015,0.527999992,a,SetPiece,Head,Chipped,0.325423986,Goal,1
23,0.909000015,0.594000015,a,OpenPlay,RightFoot,Cross,0.0757735,MissedShots,0
85,0.931999969,0.559000015,h,OpenPlay,RightFoot,Rebound,0.49427101,SavedShot,0
52,0.898000031,0.475,a,FromCorner,Head,Aerial,0.022461001,BlockedShot,0
6,0.915999985,0.579000015,h,OpenPlay,LeftFoot,Cross,0.084508397,MissedShots,0
10,0.853000031,0.51,h,FromCorner,RightFoot,Pass,0.057701301,MissedShots,0
37,0.975,0.542999992,a,FromCorner,Head,HeadPass,0.500195026,Goal,1
64,0.885,0.5,h,Penalty,RightFoot,Standard,0.743278027,Goal,1
89,0.916999969,0.45,h,OpenPlay,RightFoot,Cross,0.099696599,MissedShots,0
93,0.91,0.449000015,a,OpenPlay,Head,Cross,0.100704998,SavedShot,0
88,0.81,0.527000008,h,DirectFreekick,RightFoot,Standard,0.150978997,BlockedShot,0
37,0.86,0.537000008,a,OpenPlay,Head,Cross,0.023448501,MissedShots,0
85,0.946999969,0.502999992,a,FromCorner,OtherBodyPart,Cross,0.127687007,MissedShots,0
29,0.954000015,0.505,h,OpenPlay,RightFoot,Pass,0.896381974,Goal,1
51,0.874000015,0.464000015,h,FromCorner,Head,Cross,0.0446174,MissedShots,0
49,0.885,0.5,a,Penalty,RightFoot,Standard,0.743278027,Goal,1
55,0.779000015,0.565,h,DirectFreekick,RightFoot,Standard,0.097485602,Goal,1
9,0.973000031,0.502999992,a,SetPiece,Head,Rebound,0.820033014,MissedShots,0
28,0.87,0.524000015,h,FromCorner,Head,Aerial,0.014776,BlockedShot,0
78,0.885,0.5,h,Penalty,RightFoot,Standard,0.743278027,Goal,1
61,0.888000031,0.56,a,FromCorner,Head,Cross,0.0406303,MissedShots,0
72,0.885,0.5,a,Penalty,RightFoot,Standard,0.743278027,Goal,1
8,0.913000031,0.487000008,a,SetPiece,Head,Cross,0.317335993,Goal,1
42,0.714000015,0.500999985,a,OpenPlay,RightFoot,Pass,0.0199038,SavedShot,0
40,0.926999969,0.479000015,h,FromCorner,Head,Cross,0.118835002,MissedShots,0
94,0.889000015,0.602999992,h,SetPiece,Head,Cross,0.0378071,MissedShots,0
31,0.953000031,0.579000015,a,OpenPlay,Head,Cross,0.280281991,MissedShots,0
54,0.689000015,0.452000008,a,OpenPlay,RightFoot,Pass,0.012768,MissedShots,0
15,0.9,0.425,h,FromCorner,Head,Aerial,0.016109301,MissedShots,0
39,0.930999985,0.525,h,OpenPlay,LeftFoot,Pass,0.586363971,Goal,1
63,0.699000015,0.580999985,a,DirectFreekick,RightFoot,Standard,0.040831,MissedShots,0
37,0.775999985,0.382000008,a,OpenPlay,RightFoot,Pass,0.027700201,MissedShots,0
59,0.698000031,0.6,h,OpenPlay,RightFoot,Pass,0.0154529,BlockedShot,0
51,0.738000031,0.68,h,DirectFreekick,RightFoot,Standard,0.047600199,MissedShots,0
15,0.925999985,0.580999985,h,FromCorner,Head,Aerial,0.0245777,MissedShots,0
36,0.756999969,0.385,a,OpenPlay,RightFoot,None,0.0175095,SavedShot,0
0,0.72,0.738000031,h,OpenPlay,RightFoot,Pass,0.0126315,BlockedShot,0
43,0.949000015,0.680999985,h,FromCorner,Head,Cross,0.01253,BlockedShot,0
67,0.750999985,0.575999985,h,DirectFreekick,RightFoot,Standard,0.069754399,MissedShots,0
16,0.715999985,0.542999992,a,OpenPlay,RightFoot,Pass,0.0163208,BlockedShot,0
16,0.969000015,0.562999992,a,OpenPlay,Head,Cross,0.143143997,BlockedShot,0
18,0.846999969,0.330999985,a,FromCorner,RightFoot,None,0.033881899,BlockedShot,0
25,0.714000015,0.681999969,a,OpenPlay,RightFoot,None,0.00936603,SavedShot,0
26,0.706999969,0.439000015,h,OpenPlay,RightFoot,Pass,0.018430199,MissedShots,0
56,0.931999969,0.422999992,h,OpenPlay,RightFoot,Pass,0.49932,Goal,1
68,0.910999985,0.502999992,h,OpenPlay,Head,Cross,0.348080009,Goal,1
73,0.844000015,0.579000015,h,OpenPlay,LeftFoot,BallRecovery,0.087374903,MissedShots,0
38,0.715,0.385,a,OpenPlay,RightFoot,Pass,0.0199885,MissedShots,0
41,0.893000031,0.577000008,a,SetPiece,Head,Aerial,0.0145676,BlockedShot,0
50,0.780999985,0.500999985,a,OpenPlay,RightFoot,TakeOn,0.052687701,BlockedShot,0
53,0.770999985,0.786999969,a,FromCorner,RightFoot,Pass,0.025332401,MissedShots,0
89,0.472000008,0.557000008,a,OpenPlay,RightFoot,None,0.00709788,MissedShots,0
37,0.918000031,0.592999992,h,FromCorner,Head,Chipped,0.043665402,BlockedShot,0
9,0.91,0.579000015,h,FromCorner,Head,Aerial,0.021404,MissedShots,0
16,0.731999969,0.395999985,h,OpenPlay,RightFoot,Pass,0.0178132,MissedShots,0
15,0.859000015,0.455999985,a,FromCorner,Head,None,0.035900299,MissedShots,0
57,0.745,0.637000008,h,OpenPlay,RightFoot,Pass,0.0196674,MissedShots,0
3,0.678000031,0.555,h,OpenPlay,RightFoot,Pass,0.0124881,SavedShot,0
44,0.915,0.555,h,FromCorner,Head,Cross,0.080364697,SavedShot,0
34,0.675999985,0.705,a,OpenPlay,RightFoot,Pass,0.0112592,SavedShot,0
7,0.464000015,0.138999996,a,OpenPlay,RightFoot,Pass,0.0070477,SavedShot,0
9,0.933000031,0.684000015,a,SetPiece,LeftFoot,Aerial,0.021837801,MissedShots,0
12,0.964000015,0.492999992,a,FromCorner,Head,Rebound,0.116231002,MissedShots,0
43,0.975,0.582000008,a,OpenPlay,RightFoot,BallTouch,0.469446987,SavedShot,0
44,0.95,0.497999992,a,OpenPlay,LeftFoot,Pass,0.647695005,Goal,1
53,0.758000031,0.620999985,a,DirectFreekick,RightFoot,Standard,0.0681189,BlockedShot,0
58,0.734000015,0.577000008,h,OpenPlay,RightFoot,Pass,0.022578301,MissedShots,0
11,0.684000015,0.637000008,h,OpenPlay,RightFoot,BallTouch,0.0109201,MissedShots,0
60,0.744000015,0.756999969,a,OpenPlay,RightFoot,Pass,0.0161846,Goal,1
70,0.723000031,0.36,h,OpenPlay,RightFoot,Pass,0.0154035,MissedShots,0
29,0.781999969,0.68,a,OpenPlay,LeftFoot,Pass,0.0237974,MissedShots,0
56,0.938000031,0.67,a,OpenPlay,LeftFoot,TakeOn,0.0810614,SavedShot,0
56,0.818000031,0.482000008,a,OpenPlay,LeftFoot,Pass,0.065022498,SavedShot,0
78,0.758000031,0.31,a,OpenPlay,RightFoot,TakeOn,0.0285195,BlockedShot,0
12,0.773000031,0.716999969,h,OpenPlay,RightFoot,Pass,0.017838299,MissedShots,0
15,0.958000031,0.6,h,FromCorner,LeftFoot,Rebound,0.116812997,BlockedShot,0
15,0.899000015,0.669000015,h,FromCorner,RightFoot,Rebound,0.062631004,SavedShot,0
18,0.739000015,0.527000008,h,OpenPlay,LeftFoot,Pass,0.019993899,MissedShots,0
24,0.748000031,0.52,h,OpenPlay,RightFoot,None,0.018494301,BlockedShot,0
51,0.723000031,0.482000008,h,OpenPlay,RightFoot,TakeOn,0.0308192,SavedShot,0
66,0.775,0.342999992,h,OpenPlay,RightFoot,Pass,0.028563499,SavedShot,0
26,0.845999985,0.700999985,a,FromCorner,RightFoot,Pass,0.036744099,BlockedShot,0
36,0.74,0.632000008,a,OpenPlay,LeftFoot,Chipped,0.0102673,SavedShot,0
39,0.744000015,0.602000008,a,OpenPlay,RightFoot,HeadPass,0.017804099,SavedShot,0
7,0.954000015,0.567000008,h,OpenPlay,RightFoot,Pass,0.586901009,Goal,1
19,0.769000015,0.59,h,OpenPlay,RightFoot,Pass,0.029960601,SavedShot,0
38,0.805,0.469000015,h,OpenPlay,RightFoot,Pass,0.073742203,BlockedShot,0
16,0.745999985,0.6,h,DirectFreekick,RightFoot,Standard,0.0632357,MissedShots,0
81,0.719000015,0.500999985,h,OpenPlay,RightFoot,Pass,0.0191209,BlockedShot,0
79,0.821999969,0.577000008,h,OpenPlay,RightFoot,Pass,0.080921002,MissedShots,0
57,0.804000015,0.639000015,h,OpenPlay,RightFoot,Pass,0.041668601,MissedShots,0
11,0.755,0.648000031,a,OpenPlay,RightFoot,Pass,0.020834301,SavedShot,0
71,0.804000015,0.507000008,a,OpenPlay,RightFoot,Pass,0.048823301,MissedShots,0
36,0.765999985,0.579000015,a,OpenPlay,RightFoot,Pass,0.0252326,MissedShots,0
61,0.745999985,0.507000008,a,OpenPlay,LeftFoot,Pass,0.022317801,BlockedShot,0
18,0.941999969,0.577000008,h,OpenPlay,LeftFoot,BallRecovery,0.474774003,SavedShot,0
32,0.815999985,0.649000015,h,OpenPlay,RightFoot,Pass,0.036951099,MissedShots,0
54,0.879000015,0.590999985,h,SetPiece,LeftFoot,Pass,0.089257397,BlockedShot,0
11,0.753000031,0.442000008,h,OpenPlay,RightFoot,Pass,0.022318801,SavedShot,0
53,0.83,0.665999985,h,OpenPlay,RightFoot,Dispossessed,0.044909,MissedShots,0
67,0.715,0.395999985,h,OpenPlay,RightFoot,Pass,0.0144403,MissedShots,0
86,0.875999985,0.569000015,h,OpenPlay,RightFoot,Pass,0.111920998,SavedShot,0
52,0.808000031,0.419000015,a,OpenPlay,RightFoot,BallTouch,0.0513593,BlockedShot,0
15,0.740999985,0.668000031,h,OpenPlay,RightFoot,BallTouch,0.0151611,MissedShots,0
32,0.779000015,0.570999985,h,OpenPlay,RightFoot,Pass,0.031623501,BlockedShot,0
51,0.856999969,0.564000015,h,OpenPlay,LeftFoot,Pass,0.077716,Goal,1
58,0.815999985,0.535999985,h,OpenPlay,RightFoot,None,0.053433601,MissedShots,0
11,0.761999969,0.555,a,OpenPlay,RightFoot,Rebound,0.0190007,MissedShots,0
80,0.810999985,0.475999985,a,OpenPlay,LeftFoot,None,0.0468629,MissedShots,0
14,0.846999969,0.6,h,OpenPlay,LeftFoot,Pass,0.0719423,MissedShots,0
28,0.764000015,0.454000015,h,OpenPlay,RightFoot,Pass,0.023777699,MissedShots,0
61,0.748000031,0.477999992,h,OpenPlay,RightFoot,Pass,0.0228601,MissedShots,0
3,0.845999985,0.709000015,h,OpenPlay,RightFoot,Dispossessed,0.0389258,Goal,1
10,0.854000015,0.612000008,h,OpenPlay,RightFoot,Pass,0.0714169,SavedShot,0
11,0.708000031,0.654000015,h,OpenPlay,RightFoot,Pass,0.0128342,SavedShot,0
46,0.809000015,0.332000008,h,OpenPlay,RightFoot,TakeOn,0.034202501,BlockedShot,0
84,0.766999969,0.602000008,h,DirectFreekick,RightFoot,Standard,0.078556098,SavedShot,0
91,0.849000015,0.499000015,h,OpenPlay,Head,Cross,0.022513101,MissedShots,0
28,0.759000015,0.572999992,a,SetPiece,LeftFoot,None,0.0159551,MissedShots,0
62,0.796999969,0.695999985,a,OpenPlay,RightFoot,Pass,0.031292401,SavedShot,0
54,0.75,0.720999985,a,OpenPlay,RightFoot,Pass,0.0175141,MissedShots,0
9,0.889000015,0.650999985,h,OpenPlay,RightFoot,BallTouch,0.071210504,BlockedShot,0
12,0.785,0.688000031,h,OpenPlay,RightFoot,None,0.029908,MissedShots,0
66,0.811999969,0.525,h,OpenPlay,LeftFoot,Pass,0.0825698,BlockedShot,0
80,0.761999969,0.639000015,h,OpenPlay,LeftFoot,BallRecovery,0.0244388,ShotOnPost,0
73,0.909000015,0.590999985,h,FromCorner,LeftFoot,Pass,0.074317597,Goal,1
3,0.745999985,0.495999985,a,DirectFreekick,LeftFoot,Standard,0.070408002,SavedShot,0
64,0.931999969,0.317999992,a,OpenPlay,LeftFoot,Aerial,0.0249114,MissedShots,0
25,0.753000031,0.287999992,h,OpenPlay,LeftFoot,Chipped,0.0205338,BlockedShot,0
49,0.926999969,0.532999992,h,OpenPlay,LeftFoot,Pass,0.576591015,Goal,1
80,0.875,0.394000015,h,OpenPlay,Head,Rebound,0.111351997,SavedShot,0
40,0.903000031,0.656999969,a,OpenPlay,LeftFoot,Pass,0.084681801,MissedShots,0
51,0.88,0.392000008,a,OpenPlay,LeftFoot,Throughball,0.350338012,Goal,1
34,0.851999969,0.643000031,a,OpenPlay,RightFoot,Pass,0.073044501,SavedShot,0
84,0.780999985,0.282999992,a,OpenPlay,RightFoot,Pass,0.0198148,SavedShot,0
70,0.931999969,0.292000008,a,OpenPlay,RightFoot,Pass,0.047126099,MissedShots,0
60,0.754000015,0.472000008,h,OpenPlay,RightFoot,Pass,0.0298838,Goal,1
92,0.890999985,0.320999985,h,OpenPlay,RightFoot,Pass,0.077502497,BlockedShot,0
27,0.853000031,0.505,h,OpenPlay,RightFoot,BallTouch,0.0823166,BlockedShot,0
16,0.869000015,0.432999992,a,OpenPlay,RightFoot,Tackle,0.085192703,BlockedShot,0
73,0.860999985,0.61,h,OpenPlay,LeftFoot,HeadPass,0.056568898,Goal,1
14,0.731999969,0.597999992,a,FromCorner,LeftFoot,None,0.0149865,MissedShots,0
18,0.805,0.525,a,OpenPlay,RightFoot,Pass,0.046584699,MissedShots,0
18,0.758000031,0.497000008,h,OpenPlay,RightFoot,Pass,0.0267036,MissedShots,0
70,0.841999969,0.59,h,OpenPlay,LeftFoot,Pass,0.073381796,BlockedShot,0
95,0.899000015,0.475999985,a,OpenPlay,RightFoot,Pass,0.462954998,Goal,1
81,0.726999969,0.437999992,h,FromCorner,RightFoot,None,0.0150194,MissedShots,0
5,0.764000015,0.595999985,h,FromCorner,LeftFoot,None,0.019254699,BlockedShot,0
45,0.801999969,0.301000004,h,OpenPlay,RightFoot,Pass,0.026393799,SavedShot,0
75,0.751999969,0.425,h,OpenPlay,RightFoot,BallTouch,0.032825001,MissedShots,0
10,0.86,0.622999992,a,OpenPlay,LeftFoot,Aerial,0.026352501,SavedShot,0
31,0.77,0.424000015,a,OpenPlay,RightFoot,Chipped,0.0124526,MissedShots,0
39,0.786999969,0.407000008,a,OpenPlay,RightFoot,Pass,0.0335164,SavedShot,0
69,0.759000015,0.382000008,a,OpenPlay,RightFoot,Pass,0.021126499,SavedShot,0
64,0.751999969,0.372999992,h,OpenPlay,LeftFoot,Pass,0.0254624,SavedShot,0
57,0.778000031,0.417999992,h,FromCorner,RightFoot,Pass,0.0306019,BlockedShot,0
46,0.801999969,0.755999985,a,OpenPlay,RightFoot,Pass,0.022172401,SavedShot,0
1,0.82,0.44,h,OpenPlay,RightFoot,Pass,0.060748398,MissedShots,0
18,0.815999985,0.450999985,h,OpenPlay,LeftFoot,Pass,0.070829503,MissedShots,0
67,0.743000031,0.365999985,h,OpenPlay,LeftFoot,Pass,0.0222739,SavedShot,0
42,0.778000031,0.272999992,a,FromCorner,RightFoot,None,0.0151798,BlockedShot,0
89,0.818000031,0.693000031,a,OpenPlay,RightFoot,Pass,0.037401699,MissedShots,0
15,0.724000015,0.604000015,h,OpenPlay,RightFoot,Pass,0.0185898,SavedShot,0
56,0.915999985,0.705999985,h,OpenPlay,LeftFoot,Rebound,0.212827995,MissedShots,0
61,0.920999985,0.515,h,OpenPlay,RightFoot,Pass,0.144517004,BlockedShot,0
61,0.878000031,0.497000008,h,OpenPlay,RightFoot,Pass,0.138353005,SavedShot,0
69,0.905,0.539000015,h,OpenPlay,Head,Aerial,0.041768201,MissedShots,0
70,0.905999985,0.430999985,h,OpenPlay,RightFoot,Chipped,0.391092986,SavedShot,0
35,0.790999985,0.637000008,h,OpenPlay,RightFoot,Pass,0.0291014,Goal,1
38,0.735999985,0.390999985,h,OpenPlay,RightFoot,None,0.0201151,MissedShots,0
14,0.815,0.55,a,OpenPlay,RightFoot,Pass,0.054483399,MissedShots,0
24,0.821999969,0.55,a,OpenPlay,RightFoot,TakeOn,0.124785997,MissedShots,0
25,0.871999969,0.705999985,a,OpenPlay,RightFoot,Chipped,0.038085502,BlockedShot,0
89,0.965999985,0.27,h,OpenPlay,RightFoot,Cross,0.019378601,SavedShot,0
90,0.950999985,0.395,h,OpenPlay,LeftFoot,Cross,0.299050003,SavedShot,0
91,0.899000015,0.335999985,h,FromCorner,LeftFoot,Aerial,0.0242834,BlockedShot,0
5,0.903000031,0.658000031,h,OpenPlay,RightFoot,TakeOn,0.0897801,SavedShot,0
26,0.958000031,0.658000031,h,OpenPlay,RightFoot,TakeOn,0.081115298,SavedShot,0
42,0.949000015,0.66,h,OpenPlay,LeftFoot,Pass,0.100979999,SavedShot,0
65,0.866999969,0.660999985,h,OpenPlay,RightFoot,Pass,0.067336999,BlockedShot,0
72,0.87,0.622999992,a,OpenPlay,RightFoot,Pass,0.0813054,BlockedShot,0
10,0.931999969,0.607999992,h,OpenPlay,RightFoot,TakeOn,0.166033998,SavedShot,0
23,0.924000015,0.59,h,OpenPlay,Head,Chipped,0.050398201,SavedShot,0
88,0.919000015,0.671999969,a,OpenPlay,LeftFoot,Pass,0.283562988,MissedShots,0
62,0.874000015,0.675,h,OpenPlay,RightFoot,Pass,0.057050001,MissedShots,0
63,0.859000015,0.771999969,h,OpenPlay,RightFoot,Chipped,0.034373399,SavedShot,0
80,0.871999969,0.597999992,h,OpenPlay,RightFoot,Pass,0.0982747,SavedShot,0
83,0.809000015,0.532000008,a,OpenPlay,RightFoot,BallRecovery,0.072021797,BlockedShot,0
90,0.895999985,0.67,a,OpenPlay,RightFoot,Pass,0.081077203,MissedShots,0
36,0.846999969,0.696999969,h,OpenPlay,RightFoot,Pass,0.054329999,SavedShot,0
70,0.956999969,0.676999969,h,OpenPlay,RightFoot,Pass,0.0531445,Goal,1
15,0.881999969,0.675,a,OpenPlay,RightFoot,BallTouch,0.0615911,MissedShots,0
84,0.919000015,0.370999985,a,OpenPlay,OtherBodyPart,Cross,0.0259455,BlockedShot,0
93,0.780999985,0.62,a,OpenPlay,RightFoot,Pass,0.0298314,MissedShots,0
1,0.895999985,0.449000015,a,OpenPlay,RightFoot,Pass,0.124250002,MissedShots,0
42,0.87,0.614000015,a,OpenPlay,RightFoot,TakeOn,0.101553999,SavedShot,0
15,0.88,0.605999985,h,OpenPlay,RightFoot,Pass,0.089602798,BlockedShot,0
18,0.958000031,0.625999985,h,OpenPlay,RightFoot,Throughball,0.368173003,Goal,1
23,0.859000015,0.605999985,h,OpenPlay,RightFoot,Throughball,0.344098985,ShotOnPost,0
22,0.911999969,0.499000015,h,OpenPlay,RightFoot,Cross,0.379420012,SavedShot,0
79,0.855,0.663000031,h,OpenPlay,RightFoot,Pass,0.073025003,BlockedShot,0
12,0.915,0.645999985,h,SetPiece,Head,Aerial,0.00894473,MissedShots,0
24,0.894000015,0.605999985,h,FromCorner,Head,Cross,0.026185101,BlockedShot,0
92,0.899000015,0.412999992,h,FromCorner,RightFoot,Pass,0.069077201,BlockedShot,0
36,0.896999969,0.627000008,h,OpenPlay,LeftFoot,Pass,0.32308799,Goal,1
16,0.92,0.485,a,FromCorner,Head,Aerial,0.056518301,BlockedShot,0
25,0.878000031,0.467999992,a,FromCorner,Head,Cross,0.037786901,MissedShots,0
52,0.935999985,0.515,a,SetPiece,Head,Cross,0.463209003,Goal,1
25,0.699000015,0.375,h,OpenPlay,RightFoot,Pass,0.0143713,MissedShots,0
52,0.901999969,0.575,a,FromCorner,Head,Foul,0.112154998,MissedShots,0
12,0.916999969,0.447999992,a,FromCorner,Head,Aerial,0.033955801,MissedShots,0
16,0.916999969,0.450999985,h,FromCorner,Head,Aerial,0.0357408,MissedShots,0
12,0.780999985,0.462000008,a,OpenPlay,LeftFoot,Pass,0.040056799,SavedShot,0
43,0.870999985,0.710999985,a,OpenPlay,LeftFoot,Pass,0.0370446,SavedShot,0
6,0.935999985,0.382999992,h,OpenPlay,LeftFoot,Cross,0.277171999,MissedShots,0
12,0.885999985,0.404000015,h,OpenPlay,LeftFoot,Cross,0.062392399,MissedShots,0
25,0.818000031,0.272999992,h,OpenPlay,LeftFoot,Pass,0.025224499,MissedShots,0
37,0.895999985,0.542000008,h,FromCorner,Head,Chipped,0.048599899,SavedShot,0
52,0.898000031,0.460999985,h,OpenPlay,Head,Cross,0.0984549,MissedShots,0
57,0.795,0.38,h,OpenPlay,LeftFoot,Pass,0.030712901,SavedShot,0
20,0.82,0.291000004,a,DirectFreekick,LeftFoot,Standard,0.085382499,MissedShots,0
45,0.95,0.487000008,a,OpenPlay,LeftFoot,Pass,0.613834023,Goal,1
85,0.88,0.335999985,a,OpenPlay,LeftFoot,Pass,0.053086601,Goal,1
39,0.724000015,0.482000008,a,DirectFreekick,LeftFoot,Standard,0.0552379,SavedShot,0
92,0.963000031,0.607999992,a,OpenPlay,LeftFoot,TakeOn,0.133209005,MissedShots,0
9,0.739000015,0.365999985,a,OpenPlay,LeftFoot,Chipped,0.0132679,MissedShots,0
54,0.680999985,0.48,a,OpenPlay,LeftFoot,Pass,0.0124872,MissedShots,0
56,0.86,0.317999992,a,OpenPlay,LeftFoot,Pass,0.047520202,MissedShots,0
89,0.974000015,0.385999985,h,OpenPlay,LeftFoot,TakeOn,0.146570995,SavedShot,0
26,0.966999969,0.402999992,a,FromCorner,LeftFoot,Chipped,0.080339603,SavedShot,0
80,0.799000015,0.374000015,a,DirectFreekick,LeftFoot,Standard,0.102815002,BlockedShot,0
38,0.818000031,0.728000031,a,OpenPlay,LeftFoot,Pass,0.023155,BlockedShot,0
67,0.89,0.625,a,OpenPlay,LeftFoot,Pass,0.111661002,MissedShots,0
70,0.789000015,0.272000008,h,OpenPlay,LeftFoot,Pass,0.0177994,MissedShots,0
73,0.815,0.728000031,h,OpenPlay,RightFoot,Pass,0.022141401,BlockedShot,0
64,0.784000015,0.651999969,a,OpenPlay,LeftFoot,Throughball,0.124987997,SavedShot,0
91,0.933000031,0.68,a,OpenPlay,LeftFoot,TakeOn,0.110202,MissedShots,0
91,0.919000015,0.582999992,a,OpenPlay,LeftFoot,Throughball,0.546571016,SavedShot,0
17,0.915999985,0.658000031,a,OpenPlay,LeftFoot,Cross,0.037798598,MissedShots,0
29,0.924000015,0.51,a,OpenPlay,Head,Cross,0.357183993,MissedShots,0
32,0.854000015,0.37,a,OpenPlay,LeftFoot,None,0.051945198,BlockedShot,0
32,0.711999969,0.292999992,h,OpenPlay,LeftFoot,TakeOn,0.0095548,MissedShots,0
39,0.948000031,0.56,h,OpenPlay,LeftFoot,Pass,0.545602024,MissedShots,0
6,0.76,0.352999992,h,OpenPlay,LeftFoot,Pass,0.0190148,SavedShot,0
23,0.9,0.482000008,h,OpenPlay,Head,Rebound,0.046237402,MissedShots,0
53,0.878000031,0.32,h,OpenPlay,LeftFoot,Pass,0.063468501,BlockedShot,0
74,0.78,0.455,a,OpenPlay,RightFoot,Pass,0.048004098,MissedShots,0
79,0.895,0.395,a,OpenPlay,RightFoot,Pass,0.350757003,Goal,1
34,0.925999985,0.349000015,a,OpenPlay,RightFoot,BallTouch,0.257788986,MissedShots,0
20,0.915999985,0.308999996,h,OpenPlay,RightFoot,None,0.055555001,BlockedShot,0
23,0.746999969,0.352000008,h,OpenPlay,RightFoot,Pass,0.0203398,SavedShot,0
84,0.783000031,0.552000008,h,OpenPlay,LeftFoot,Pass,0.047885001,BlockedShot,0
93,0.875999985,0.673000031,h,OpenPlay,RightFoot,Pass,0.080342002,BlockedShot,0
78,0.865,0.447999992,a,OpenPlay,RightFoot,None,0.091773301,BlockedShot,0
83,0.899000015,0.372999992,a,OpenPlay,RightFoot,Pass,0.360900998,Goal,1
63,0.906999969,0.349000015,h,OpenPlay,RightFoot,Chipped,0.0984874,MissedShots,0
87,0.89,0.455,a,SetPiece,Head,Challenge,0.0299823,BlockedShot,0
68,0.926999969,0.527999992,h,OpenPlay,Head,Aerial,0.083747201,ShotOnPost,0
5,0.905999985,0.499000015,a,FromCorner,Head,Aerial,0.032577701,MissedShots,0
24,0.779000015,0.525999985,a,OpenPlay,LeftFoot,Pass,0.029086599,MissedShots,0
17,0.936999969,0.475999985,h,OpenPlay,RightFoot,None,0.573840022,MissedShots,0
49,0.859000015,0.622000008,h,OpenPlay,LeftFoot,Pass,0.305343986,MissedShots,0
74,0.915999985,0.454000015,h,FromCorner,Head,Cross,0.094598502,MissedShots,0
85,0.906999969,0.554000015,h,FromCorner,Head,Aerial,0.0232163,MissedShots,0
71,0.821999969,0.529000015,h,OpenPlay,LeftFoot,None,0.096091799,MissedShots,0
90,0.941999969,0.557000008,h,OpenPlay,Head,Chipped,0.475183994,Goal,1
92,0.956999969,0.542000008,h,FromCorner,LeftFoot,None,0.568005025,SavedShot,0
85,0.89,0.53,h,OpenPlay,Head,Aerial,0.036200199,ShotOnPost,0
4,0.810999985,0.477999992,h,OpenPlay,RightFoot,Pass,0.059069201,BlockedShot,0
91,0.856999969,0.474000015,a,OpenPlay,LeftFoot,Chipped,0.342480004,Goal,1
67,0.790999985,0.660999985,h,FromCorner,LeftFoot,None,0.0205236,MissedShots,0
23,0.785,0.789000015,a,FromCorner,RightFoot,None,0.0133128,MissedShots,0
15,0.905,0.425,h,OpenPlay,Head,Chipped,0.305442989,SavedShot,0
86,0.734000015,0.630999985,h,OpenPlay,RightFoot,Pass,0.0228204,BlockedShot,0
88,0.745999985,0.415,h,FromCorner,RightFoot,Aerial,0.0136699,BlockedShot,0
29,0.913000031,0.47,h,OpenPlay,RightFoot,Pass,0.552699983,MissedShots,0
60,0.820999985,0.474000015,a,OpenPlay,RightFoot,Pass,0.091077298,Goal,1
39,0.873000031,0.615999985,h,OpenPlay,LeftFoot,None,0.067459099,BlockedShot,0
47,0.750999985,0.492999992,h,OpenPlay,RightFoot,Pass,0.021167999,Goal,1
96,0.859000015,0.424000015,a,OpenPlay,RightFoot,BallRecovery,0.38973099,MissedShots,0
5,0.860999985,0.527000008,h,OpenPlay,RightFoot,Rebound,0.087247796,MissedShots,0
10,0.77,0.580999985,h,OpenPlay,RightFoot,LayOff,0.044674098,BlockedShot,0
36,0.85,0.678000031,h,OpenPlay,RightFoot,Pass,0.045960099,SavedShot,0
5,0.803000031,0.484000015,a,OpenPlay,RightFoot,Pass,0.0527707,SavedShot,0
30,0.710999985,0.605,a,OpenPlay,RightFoot,None,0.0101851,MissedShots,0
43,0.768000031,0.427000008,a,OpenPlay,RightFoot,Aerial,0.0132878,SavedShot,0
53,0.723000031,0.452000008,a,OpenPlay,RightFoot,Pass,0.018195299,BlockedShot,0
46,0.743000031,0.64,h,OpenPlay,RightFoot,Pass,0.0183012,SavedShot,0
62,0.97,0.524000015,a,OpenPlay,RightFoot,None,0.143013999,SavedShot,0
60,0.799000015,0.345,h,OpenPlay,LeftFoot,Pass,0.027881,SavedShot,0
57,0.705,0.472000008,h,OpenPlay,RightFoot,Pass,0.013938,SavedShot,0
5,0.710999985,0.494000015,a,OpenPlay,RightFoot,Pass,0.015291,SavedShot,0
71,0.87,0.658000031,h,OpenPlay,RightFoot,Chipped,0.065733798,Goal,1
85,0.973000031,0.452000008,h,FromCorner,RightFoot,Rebound,0.643519998,MissedShots,0
6,0.955,0.490999985,h,OpenPlay,LeftFoot,Pass,0.676598012,Goal,1
39,0.950999985,0.61,h,OpenPlay,Head,Cross,0.157750994,MissedShots,0
92,0.91,0.681999969,h,FromCorner,RightFoot,TakeOn,0.0532264,BlockedShot,0
60,0.888000031,0.570999985,h,OpenPlay,RightFoot,None,0.080492496,BlockedShot,0
53,0.895,0.557000008,h,OpenPlay,Head,None,0.375618011,SavedShot,0
11,0.821999969,0.525,h,FromCorner,RightFoot,None,0.0458517,MissedShots,0
19,0.954000015,0.625,a,OpenPlay,Head,Cross,0.040218301,SavedShot,0
31,0.875999985,0.67,a,OpenPlay,RightFoot,Pass,0.06216,MissedShots,0
50,0.858000031,0.384000015,a,OpenPlay,LeftFoot,None,0.062320501,SavedShot,0
47,0.905,0.412000008,h,OpenPlay,LeftFoot,Cross,0.111399002,SavedShot,0
81,0.926999969,0.306000004,a,OpenPlay,RightFoot,Pass,0.067932501,BlockedShot,0
21,0.97,0.437000008,a,OpenPlay,Head,Cross,0.501572013,MissedShots,0
57,0.963000031,0.67,h,OpenPlay,LeftFoot,None,0.070021898,SavedShot,0
74,0.956999969,0.324000015,h,OpenPlay,RightFoot,Pass,0.087167099,SavedShot,0
65,0.94,0.257999992,h,FromCorner,RightFoot,TakeOn,0.029059799,SavedShot,0
65,0.868000031,0.422000008,h,OpenPlay,RightFoot,Pass,0.093077101,SavedShot,0
34,0.945999985,0.66,a,OpenPlay,RightFoot,Pass,0.069109596,SavedShot,0
45,0.855999985,0.575999985,h,OpenPlay,RightFoot,Pass,0.348185003,Goal,1
45,0.795999985,0.646999969,a,OpenPlay,RightFoot,Pass,0.0478101,MissedShots,0
7,0.97,0.646999969,h,OpenPlay,LeftFoot,TakeOn,0.090416797,MissedShots,0
25,0.86,0.695999985,h,OpenPlay,RightFoot,Pass,0.0382725,SavedShot,0
62,0.834000015,0.532999992,h,OpenPlay,LeftFoot,Pass,0.081031099,SavedShot,0
81,0.850999985,0.660999985,h,OpenPlay,RightFoot,Pass,0.071458101,BlockedShot,0
8,0.873000031,0.650999985,a,OpenPlay,RightFoot,Pass,0.059384901,SavedShot,0
44,0.845,0.699000015,a,OpenPlay,LeftFoot,Pass,0.032755502,MissedShots,0
52,0.885,0.612000008,a,OpenPlay,LeftFoot,Throughball,0.351817012,SavedShot,0
36,0.941999969,0.297000008,h,OpenPlay,RightFoot,Throughball,0.130768001,SavedShot,0
11,0.885,0.572000008,h,OpenPlay,LeftFoot,Pass,0.378206015,SavedShot,0
16,0.768000031,0.648000031,h,OpenPlay,RightFoot,Pass,0.023463501,SavedShot,0
47,0.796999969,0.379000015,h,FromCorner,RightFoot,Pass,0.0357669,SavedShot,0
62,0.869000015,0.534000015,h,OpenPlay,RightFoot,Pass,0.374861985,MissedShots,0
26,0.761999969,0.579000015,h,OpenPlay,RightFoot,Pass,0.033011701,MissedShots,0
43,0.9,0.522000008,a,OpenPlay,RightFoot,Rebound,0.124481998,SavedShot,0
25,0.765,0.720999985,a,FromCorner,RightFoot,Pass,0.020831,BlockedShot,0
66,0.698000031,0.469000015,a,FromCorner,LeftFoot,Pass,0.021657201,MissedShots,0
86,0.719000015,0.560999985,a,OpenPlay,RightFoot,LayOff,0.0147934,MissedShots,0
8,0.763000031,0.703000031,a,OpenPlay,RightFoot,None,0.012997,MissedShots,0
58,0.949000015,0.479000015,h,FromCorner,Head,Cross,0.472303987,ShotOnPost,0
77,0.900999985,0.430999985,a,FromCorner,Head,Aerial,0.0184364,Goal,1
19,0.824000015,0.555,h,FromCorner,LeftFoot,Pass,0.044974402,MissedShots,0
26,0.800999985,0.297000008,h,DirectFreekick,LeftFoot,Standard,0.075534001,MissedShots,0
33,0.919000015,0.462000008,h,OpenPlay,Head,Cross,0.354140013,MissedShots,0
35,0.798000031,0.385999985,h,OpenPlay,LeftFoot,Pass,0.0354602,MissedShots,0
50,0.868000031,0.427000008,h,OpenPlay,RightFoot,None,0.090916596,BlockedShot,0
81,0.82,0.447999992,h,OpenPlay,LeftFoot,Pass,0.075980298,MissedShots,0
84,0.824000015,0.637000008,h,OpenPlay,RightFoot,Cross,0.0306402,MissedShots,0
91,0.881999969,0.59,h,OpenPlay,RightFoot,Pass,0.492330015,Goal,1
20,0.915999985,0.334000015,a,OpenPlay,Head,Cross,0.0141594,MissedShots,0
86,0.810999985,0.690999985,a,SetPiece,RightFoot,Rebound,0.0186469,SavedShot,0
86,0.795999985,0.685,a,DirectFreekick,RightFoot,Standard,0.078459397,BlockedShot,0
86,0.78,0.66,h,OpenPlay,RightFoot,Pass,0.031256098,SavedShot,0
1,0.795999985,0.37,a,OpenPlay,LeftFoot,Pass,0.031893201,SavedShot,0
86,0.76,0.449000015,h,OpenPlay,RightFoot,Pass,0.038920399,SavedShot,0
17,0.846999969,0.425,a,OpenPlay,RightFoot,Pass,0.083602101,MissedShots,0
29,0.819000015,0.615,a,OpenPlay,RightFoot,Pass,0.047271799,SavedShot,0
47,0.825999985,0.703000031,a,FromCorner,RightFoot,Chipped,0.020919099,BlockedShot,0
68,0.956999969,0.557000008,a,OpenPlay,Head,Aerial,0.475261986,SavedShot,0
59,0.895,0.56,a,OpenPlay,Head,Cross,0.067410901,MissedShots,0
61,0.824000015,0.495999985,a,DirectFreekick,RightFoot,Standard,0.182199001,MissedShots,0
32,0.9,0.595999985,a,OpenPlay,RightFoot,Rebound,0.380879015,Goal,1
69,0.81,0.654000015,a,SetPiece,LeftFoot,None,0.0241597,SavedShot,0
11,0.840999985,0.390999985,a,OpenPlay,LeftFoot,Pass,0.063837603,BlockedShot,0
62,0.9,0.685999985,a,OpenPlay,LeftFoot,Pass,0.052407801,MissedShots,0
55,0.8,0.718000031,h,FromCorner,RightFoot,Pass,0.023920599,SavedShot,0
60,0.913000031,0.535999985,h,OpenPlay,Head,Cross,0.110880002,BlockedShot,0
35,0.931999969,0.617999992,h,OpenPlay,LeftFoot,Chipped,0.403151989,SavedShot,0
83,0.815,0.754000015,h,OpenPlay,RightFoot,Pass,0.020679399,SavedShot,0
92,0.860999985,0.545,h,OpenPlay,RightFoot,Pass,0.127501994,BlockedShot,0
4,0.873000031,0.72,a,OpenPlay,RightFoot,Pass,0.0325871,SavedShot,0
43,0.794000015,0.434000015,a,FromCorner,LeftFoot,None,0.0290324,BlockedShot,0
60,0.789000015,0.648000031,a,OpenPlay,RightFoot,Pass,0.035539199,SavedShot,0
83,0.784000015,0.678000031,a,OpenPlay,LeftFoot,TakeOn,0.056868099,SavedShot,0
13,0.758000031,0.681999969,h,OpenPlay,LeftFoot,None,0.0133659,MissedShots,0
44,0.778000031,0.765999985,h,FromCorner,LeftFoot,Aerial,0.012235,BlockedShot,0
36,0.770999985,0.671999969,a,OpenPlay,RightFoot,Pass,0.021407399,SavedShot,0
47,0.795999985,0.605999985,h,FromCorner,RightFoot,None,0.0264645,SavedShot,0
81,0.865,0.705999985,h,OpenPlay,LeftFoot,Pass,0.060433,SavedShot,0
15,0.798000031,0.655,h,FromCorner,LeftFoot,None,0.0224046,MissedShots,0
38,0.798000031,0.675999985,h,FromCorner,LeftFoot,None,0.0205737,MissedShots,0
42,0.881999969,0.715,h,FromCorner,LeftFoot,Pass,0.033969399,MissedShots,0
95,0.805,0.512999992,h,OpenPlay,LeftFoot,Pass,0.054159299,BlockedShot,0
23,0.829000015,0.699000015,a,OpenPlay,LeftFoot,Pass,0.0322101,MissedShots,0
39,0.765999985,0.615999985,a,FromCorner,LeftFoot,None,0.018787101,BlockedShot,0
10,0.916999969,0.725999985,a,OpenPlay,LeftFoot,Cross,0.018760201,MissedShots,0
36,0.868000031,0.635,h,OpenPlay,LeftFoot,Rebound,0.057620302,Goal,1
26,0.854000015,0.718000031,a,OpenPlay,LeftFoot,TakeOn,0.0504288,MissedShots,0
12,0.76,0.731999969,a,OpenPlay,LeftFoot,None,0.011734,BlockedShot,0
19,0.784000015,0.729000015,a,OpenPlay,LeftFoot,Pass,0.0172738,MissedShots,0
42,0.734000015,0.524000015,h,FromCorner,RightFoot,Pass,0.027220501,MissedShots,0
37,0.879000015,0.362999992,a,OpenPlay,RightFoot,Throughball,0.51255101,SavedShot,0
10,0.85,0.669000015,h,OpenPlay,RightFoot,Pass,0.0516629,SavedShot,0
25,0.9,0.504000015,h,OpenPlay,RightFoot,Throughball,0.50563997,SavedShot,0
91,0.815999985,0.395999985,h,FromCorner,RightFoot,Rebound,0.049547601,SavedShot,0
68,0.985999985,0.490999985,a,OpenPlay,RightFoot,Rebound,0.962567985,Goal,1
42,0.860999985,0.307000008,a,OpenPlay,LeftFoot,Pass,0.043999799,BlockedShot,0
73,0.751999969,0.634000015,a,FromCorner,RightFoot,None,0.0162102,MissedShots,0
89,0.921999969,0.387999992,a,OpenPlay,RightFoot,None,0.078203097,MissedShots,0
30,0.731999969,0.399000015,h,FromCorner,RightFoot,None,0.0149336,MissedShots,0
72,0.719000015,0.465999985,a,FromCorner,RightFoot,None,0.0144964,SavedShot,0
62,0.753000031,0.567000008,h,FromCorner,RightFoot,None,0.018242801,MissedShots,0
29,0.92,0.257999992,a,OpenPlay,RightFoot,BallTouch,0.037158601,BlockedShot,0
28,0.953000031,0.367000008,h,OpenPlay,RightFoot,TakeOn,0.110995002,SavedShot,0
55,0.828000031,0.372999992,h,OpenPlay,RightFoot,LayOff,0.065949403,BlockedShot,0
7,0.724000015,0.359000015,h,FromCorner,LeftFoot,None,0.0135799,MissedShots,0
25,0.855,0.320999985,a,OpenPlay,RightFoot,Pass,0.063646801,BlockedShot,0
29,0.77,0.587999992,a,OpenPlay,RightFoot,Pass,0.0445516,MissedShots,0
3,0.905999985,0.282000008,h,OpenPlay,RightFoot,Chipped,0.0455308,SavedShot,0
53,0.91,0.374000015,h,OpenPlay,LeftFoot,TakeOn,0.119135,SavedShot,0
91,0.968000031,0.355999985,h,OpenPlay,RightFoot,Pass,0.081122801,Goal,1
75,0.973000031,0.525,a,OpenPlay,LeftFoot,Pass,0.158269003,MissedShots,0
89,0.88,0.552999992,a,FromCorner,Head,Cross,0.035240501,MissedShots,0
91,0.915999985,0.632999992,a,OpenPlay,Head,Cross,0.027663499,SavedShot,0
90,0.815,0.630999985,a,OpenPlay,RightFoot,Pass,0.058031701,MissedShots,0
93,0.895999985,0.359000015,h,FromCorner,RightFoot,Pass,0.0551611,MissedShots,0
48,0.716999969,0.594000015,h,FromCorner,LeftFoot,Pass,0.02588,MissedShots,0
63,0.903000031,0.572999992,h,OpenPlay,LeftFoot,Pass,0.389515013,MissedShots,0
16,0.751999969,0.744000015,h,OpenPlay,RightFoot,Pass,0.0161124,SavedShot,0
51,0.799000015,0.669000015,h,OpenPlay,RightFoot,None,0.0407237,MissedShots,0
73,0.761999969,0.577000008,h,OpenPlay,RightFoot,LayOff,0.053142399,MissedShots,0
69,0.863000031,0.640999985,a,OpenPlay,RightFoot,Rebound,0.053224701,SavedShot,0
9,0.97,0.678000031,a,OpenPlay,LeftFoot,Pass,0.0621926,Goal,1
94,0.900999985,0.53,a,FromCorner,Head,Cross,0.071049102,SavedShot,0
